<?xml version="1.0" encoding="utf-8" ?><dwsync><file name="filelist.xml" server="stf.bus.lsu.edu:990/Helmut - ISDS 3105 - aalfa11/" local="3550937100" remote="3550937280" Dst="-1" /><file name="sheet001.htm" server="stf.bus.lsu.edu:990/Helmut - ISDS 3105 - aalfa11/" local="3550937100" remote="3550937280" Dst="-1" /><file name="image002.png" server="stf.bus.lsu.edu:990/Helmut - ISDS 3105 - aalfa11/" local="3550937100" remote="3550937280" Dst="-1" /><file name="image001.png" server="stf.bus.lsu.edu:990/Helmut - ISDS 3105 - aalfa11/" local="3550937100" remote="3550937280" Dst="-1" /><file name="sheet002.htm" server="stf.bus.lsu.edu:990/Helmut - ISDS 3105 - aalfa11/" local="3550937100" remote="3550937280" Dst="-1" /><file name="sheet004.htm" server="stf.bus.lsu.edu:990/Helmut - ISDS 3105 - aalfa11/" local="3550937100" remote="3550937280" Dst="-1" /><file name="sheet005.htm" server="stf.bus.lsu.edu:990/Helmut - ISDS 3105 - aalfa11/" local="3550937100" remote="3550937280" Dst="-1" /><file name="sheet003.htm" server="stf.bus.lsu.edu:990/Helmut - ISDS 3105 - aalfa11/" local="3550937100" remote="3550937280" Dst="-1" /><file name="sheet006.htm" server="stf.bus.lsu.edu:990/Helmut - ISDS 3105 - aalfa11/" local="3550937100" remote="3550937280" Dst="-1" /><file name="stylesheet.css" server="stf.bus.lsu.edu:990/Helmut - ISDS 3105 - aalfa11/" local="3550937100" remote="3550937280" Dst="-1" /><file name="tabstrip.htm" server="stf.bus.lsu.edu:990/Helmut - ISDS 3105 - aalfa11/" local="3550937100" remote="3550937280" Dst="-1" /></dwsync>